x,t,T_obs
0.7629978066137248,1.110324418953686,0.07942114749470282
0.44132330216197024,1.3318762723510873,0.11074167964245411
0.8442540031149272,1.3831646519968837,0.04095795020006949
0.6894733078969894,0.7653767292709869,0.2069224770716159
0.11041025397214355,0.7900071698160422,0.08141664285225002
0.9565974575712857,1.203808207930478,0.020477785721430636
0.7506941139107388,0.4853870237814179,0.3102167485516317
0.7746217330658757,1.2593258962707015,0.0494333115663881
0.14298908736852403,0.7513296368457867,0.09347414629002217
0.45237050037974447,0.1914679520161972,0.725806147803863
0.375966103263278,0.12664753766795667,0.730415290313642
0.9096943892946577,1.2661499523384054,0.0011848954643065186
0.638110515277438,0.1022405170221793,0.7655123259245258
0.8098511487399968,0.43530492547781074,0.26883215275053146
0.4456776308742379,0.5145124599422878,0.3644607005318915
0.2381491729133858,0.27603177888355884,0.4211998176618231
0.5524013955352014,0.48456218730694406,0.43180267127448374
0.08126456586000831,1.1191849987531268,0.04206819174091035
0.8145259251128788,0.04173060846890474,0.5235877304924108
0.6263978231571823,1.244216668290616,0.07304035552598179
0.7477642304819588,1.287691074890346,0.07889998812065924
0.3603449294046736,0.5709471283234914,0.32225456024410726
0.9518701034191072,0.2473470906097395,0.08741113413198233
0.8773962764693097,0.9092438037587197,0.09211558234961109
0.7672481571908114,0.1971153826800436,0.500071163588439
0.20685315953788885,0.5600806543958138,0.25959450291308134
0.4680521635779528,1.4384751877334392,0.10355933122187441
0.06205161515573962,1.4932874194237828,0.011451864833143975
0.1681179123848459,1.1627152392047866,0.07092546870819139
0.6757269951127565,0.48022303468273403,0.3781192846442768
0.7349716696715044,1.0377442727658168,0.1194792649407892
0.9488093431368416,1.0640014209163389,0.026800547571152838
0.33279234381262585,0.5940057088422016,0.3176414291934374
0.37564131779347415,0.968515179187516,0.16428911932636742
0.4707735788247756,0.03587691456400084,0.9197144087472442
0.20189250472091425,0.3294053347313174,0.3217776403565111
0.14472464512205277,0.7971306883915465,0.11924192796275408
0.4766767291768964,0.2623519303022779,0.6258360080146766
0.23783297508884874,0.2655421644572698,0.43079628082413945
0.6630214348952099,1.2577303500143522,0.10672254482964989
0.43966584211743753,1.483916843971736,0.06285170540756334
0.819371068215524,0.8428347534821037,0.13537790971173103
0.6922544979221591,1.2618232017049358,0.09505479480629232
0.3198719757267594,1.4856760632028834,0.03558005665945358
0.818969409339393,0.22956191508178653,0.38703883258686267
0.7925737831969297,0.6834035076164396,0.17010370765948496
0.3919792438689675,0.6010076194460414,0.29108683715538575
0.2967949797730344,0.13847293979635383,0.6070270993150786
0.6751956838159765,1.1378886557362218,0.09247528040553746
0.1541623842649374,0.6619929604374376,0.14467955754493494
0.21191187437610398,0.7146038626017939,0.16806062717500203
0.027067778960965294,0.24299600124359547,0.04842010723620574
0.7754474024020529,0.28777144530168486,0.40126227025905703
0.6582568223283508,1.3625133607911981,0.0849110206261317
0.6969587634812817,0.08608065168193275,0.7054024892075732
0.7694998697810892,0.36462138171668523,0.35482192054591605
0.46055914451680635,0.452247808865502,0.45667948156635324
0.565991548114778,0.7454923627543479,0.21811115447260915
0.15420511820255114,0.8879388560618979,0.08888327835535378
0.1299488705945345,0.7500691642589865,0.0611291904362542
0.6616668433188527,0.1444906951441854,0.6766768964691547
0.4722523578974072,0.3806278320024561,0.5065240366689168
0.5626266622219412,1.2685108094485609,0.12391057948932015
0.7543989031193845,0.9636312767081194,0.14962281700846397
0.6293295872005672,0.9807405941987261,0.16491397677104444
0.551436224631676,1.0119008179200053,0.15351864614263744
0.556838874315597,1.149096468178503,0.1374850337359802
0.3117920941401077,0.10600055294774206,0.677168773399281
0.049585121185221834,0.5625804097002663,0.05707949256730938
0.43924869366306785,0.8185006041872844,0.24909372017225195
0.226001285906748,0.5209155952800425,0.24720940248567982
0.4121874979756507,1.2698287324650361,0.11693217148050722
0.8392669503374395,0.734207312709195,0.14481984903519013
0.2445819064307271,1.1575688323998812,0.06979533359901022
0.07597063202150338,1.2809829649841302,0.04376295167112904
0.2901285363411167,0.7670913946971771,0.21627750665664594
0.30185000745601626,1.366137320929598,0.07377751894152527
0.6554398541378192,0.8889434319947312,0.16679334652018074
0.5547508662476273,1.2784059622739081,0.08448909601202428
0.7725422807421569,0.5240743774754559,0.2475307301857796
0.657740998714292,0.7582490986265982,0.23957990410915386
0.4101313869824677,0.806488340686775,0.2100907614879488
0.8014595692793932,0.17536997952618444,0.43647079654852633
0.18029400311139573,0.6098577099182801,0.15677009316505547
0.04180359020850606,1.3776597553764807,0.007247830398403624
0.10644594634461609,0.9536317157398188,0.06250336364465225
0.7134649765725922,0.2827097420067119,0.523016707015597
0.46340214104133187,0.5215063407022154,0.3657880099113019
0.1748209078722577,0.30357245430079577,0.3338572435668109
0.5010029840992289,0.056738235061887354,0.9071088120671534
0.16621961860464166,1.3926414785859595,0.05024168201516992
0.6884675600746266,0.6833468458201698,0.24882004681141262
0.4483100245510695,0.4751519071827635,0.4331733450990876
0.3857803770526232,0.9057462435054502,0.1842540928105194
0.3094516055819615,0.030825395313663143,0.8111687258718213
0.6250712893941329,0.4314727177692045,0.4200886779646613
0.3673401061312548,1.060489529234361,0.16161804756969073
0.10414392254345696,0.9579792641425092,0.045711853502627756
0.1332856660356947,1.4730728023629525,0.028486832343516393
0.9434217579675339,0.9381294102939052,0.011957857369483595
0.8922374630793027,0.7267086929690445,0.1004291936270551
0.6917188484583195,1.1469201935123314,0.1363147680615011
0.2752351630011388,1.3569252505067986,0.06674990025167102
0.9504093222538149,1.0866300011431604,0.01857442586003058
0.7676008678071629,1.4455526108530818,0.028851614518023757
0.7082145815926357,1.1773676526925023,0.09341021129669619
0.45138704205803715,1.302866128627651,0.06580180913477485
0.2813518993713527,0.18887402535178302,0.5345528275621054
0.11253532366735933,1.1039719844308058,0.05324354958069909
0.886498300682088,0.6713312753005055,0.13229418769959783
0.4575452382402666,0.8385936275686873,0.2796031289209914
0.21426883020342108,0.988071566033888,0.0960306446333305
0.3137183591846264,1.4553263727242427,0.0915284525385413
0.5760507861842201,1.4771755605188044,0.07531024650959402
0.18970187162166244,0.4465778033220998,0.2508678953730618
0.8423497127286804,1.105955176208116,0.07527994471460324
0.7481787486418017,1.1299756361441975,0.09676795895402049
0.7106844377128994,0.5328094347433122,0.3083368132540466
0.43480931818409957,0.20332726679904708,0.6740983873741669
0.6222164870743455,0.08060150122286525,0.7755306438948815
0.5807340501562261,1.1704678287431842,0.09013706301592406
0.6438527374926272,0.7447556178890208,0.2526427983111663
0.10106654829429353,1.4785994508524907,0.017041733376101254
0.4191751060837852,0.7081607151666065,0.263167993195543
0.05994960690741678,1.4673171290292835,0.013982754509552388
0.4942311864747382,0.6291324832472086,0.34288520634840275
0.3366667638394739,1.1946495828287595,0.10793720202489054
0.158743221311405,0.14553252302151143,0.3562029957976001
0.11926684901364958,0.8420833310038905,0.10651600201303353
0.5841387892906036,1.2070484847388718,0.1446584714000815
0.18376924979541065,1.3885584674854352,0.05620376736823917
0.9081153136417253,1.2374229741137988,0.051068940801002244
0.5778186941123792,0.07471667625773785,0.8744960080937382
0.3529950123534436,0.5715994651339666,0.34688850495093776
0.5872788718221601,0.09207373902449989,0.8296680892375653
0.04189171618850959,0.18173779084954583,0.10698502019584696
0.9402168447117875,1.0194523304278764,0.04091624025703267
0.48301129946518423,1.0756221305413134,0.12579364291937295
0.7714258181602748,1.165106610472407,0.0970506306513631
0.09942079992554102,1.300875691122381,0.0033535064529038212
0.48719199760463394,1.1143585733452346,0.12210825317709197
0.4910787145803401,1.2052899563178154,0.1435350964908506
0.9203133967759836,0.09246629053845329,0.2270119110608998
0.5688589302810324,0.3671120226531219,0.5385132451004324
0.47454982501467563,0.9404087045953637,0.18208780499088006
0.27629663656821785,1.2900254508447382,0.05408946408319213
0.3383062374488501,0.0266601849106955,0.8285046185823588
0.5198455063726762,0.7816514263321978,0.2509737323432347
0.4413550018928448,1.022385351059308,0.16145432091545614
0.04074759668511721,0.06381878791034755,0.13665305689335921
0.8132402472265835,0.6140062251790142,0.17876704028134238
0.880314340966176,1.3455396244478712,0.04067456068107834
0.15463912543866631,1.0139869571066709,0.05730385607072111
0.5518746977974874,0.371734377773684,0.5188070009529244
0.12423271149002581,1.2821160718552307,0.03906571784768239
0.6653504893182193,0.5350865066460812,0.3205277567191854
0.289984432485448,1.282950113293208,0.07616558170985019
0.6530457293042257,0.4624366036559802,0.38621504150876496
0.7179148297154073,0.8936739713070605,0.15294606984686637
0.7579015922409508,0.6074713002667944,0.2697124945745223
0.1234313081176607,0.4267410751174992,0.175200952245811
0.8993713713321035,1.3321051920143665,0.024285953459571793
0.24100543125908558,0.2976386492704472,0.3628322459119102
0.055916053929132584,0.14552115502892937,0.11706668882392385
0.552658370615824,0.5260518690475774,0.38214032500203704
0.3760853925079412,1.08210593850952,0.12159653155135053
0.8165981534071166,1.2149987768448969,0.09056108792398693
0.7959214131817297,1.4981401876988119,0.0384752208660135
0.3244533371098067,0.4586158443765241,0.40287963466548027
0.9347834192669552,0.6237540876742976,0.06841039081695593
0.2992811246145139,0.2224954914838469,0.5447207820918041
0.5144548440624459,0.8708104558420897,0.21088605747829567
0.26572648694489864,1.4964184551491175,0.052000546168998914
0.9186018272470048,1.0573038949785747,0.07303681986068292
0.17802350487873742,0.9009150038117902,0.0606750820557645
0.06311419461663582,0.6007062575242551,0.02772708829481147
0.43769317760291643,1.374642165222621,0.07445434834917689
0.9726805414936035,0.7554365622729172,0.022690229140003557
0.8760101756047174,0.21886303170333102,0.2712185915546123
0.7386636986786712,0.5607601255347175,0.279712415068076
0.8751607912433839,0.119406669894695,0.3014748905582396
0.8777087741099486,0.3189289757793967,0.23306886647608083
0.518104025970991,0.04614979587987006,0.9403986653617025
0.3232918897575613,0.6908542764202419,0.2527443981557222
0.7611319348265485,0.9591195921286598,0.14334891125935278
0.6551948126410506,0.5280728443207835,0.35120810245050843
0.37871141971876165,0.6421650218278101,0.2854067811128311
0.11068800133905465,1.4396297238099725,0.04036431991618173
0.7369180268950649,1.132905419930875,0.10050952793631722
0.2719620952859501,0.8204678226785278,0.1755967092580133
0.919340624512428,0.4411204951655014,0.14395930224019723
0.2513317520054574,1.347555262184033,0.015787205671797935
0.13784761511502658,0.36794373298337607,0.1899225415800075
0.8178681652399099,0.501507241164682,0.19840678278888646
0.16715294395951427,1.365415925345964,0.037059783088952934
0.1920975758314295,0.8037222418219071,0.13101502201654588
0.5954074798600097,1.1186305651386055,0.10081025495210294
0.8595795592039659,0.8943022953623739,0.06747636403456395
0.2085772790859903,0.9870900293340529,0.0882957860229172
0.317910725984091,0.46308727144194184,0.4184662254660215
0.7663086447115305,0.37723065120746113,0.37880697984945194
0.9529533690185287,0.4972886738096246,0.052637295934575376
0.5007115387542486,0.2500535148434653,0.6340463842774794
0.15814160244920072,1.313985260630395,0.023189438872883057
0.03337883619987348,0.43920546121016885,0.00980650934223442
0.24046978879890102,0.8510043037332893,0.14884571755714981
0.1465493290750602,1.1921221492092335,0.033488963844887004
0.6705523266683432,1.180059681876056,0.10397675005679088
0.13695920444338988,0.6688116627046055,0.09512481073094534
0.5060767343558077,0.724860816708354,0.26060490865693525
0.686491938217171,1.4921585884238369,0.061790127332240485
0.5778719448520663,1.0184042659289556,0.16622856448194406
0.2117846255936553,1.2256648958144665,0.07831272569566412
0.7919595451349722,1.3557798744444634,0.028278215498544118
0.7067908444311696,1.185632957619422,0.11399156842114716
0.72942464375892,0.29406543053128004,0.4295844265171924
0.1458154414950207,0.8520126859316068,0.10999849706697155
0.13880365150433083,0.17080335282552642,0.31161710676613097
0.9104600489662473,0.9863247473147176,0.02060474015485603
0.40167506607194303,1.4339171537179602,0.06825608795260986
0.30891074410970215,0.7788434551641648,0.21414408734997417
0.489040683537472,0.6607992894442954,0.32122600507171273
0.6563496442530391,0.0730472720988815,0.7716393134337448
0.9373983267650912,1.440466293047246,0.045755863580060625
0.29498837780677284,0.172443972512635,0.60880409826205
0.9078160921395461,0.08079705809117346,0.24225528438191818
0.04386511173080607,0.38417858502730895,0.08442262630608706
0.5529901206337517,0.116985042199206,0.8397927156637675
0.6286161072138418,0.6935744067694083,0.3073861902144529
0.12166150760072317,0.7838099458605263,0.06810996659122849
0.15472601318135612,0.4826035245623042,0.17968029054826554
0.4223497465436517,0.09542151421083137,0.8487782723854119
0.9475826356574544,0.18516854500885552,0.09681104635564812
0.5922008511049979,0.5890664794250936,0.3100871165527837
0.9157022927362027,0.10958210722327347,0.20571823198110645
0.7921864789884518,1.0533207939026719,0.10191187181636664
0.46868633749307986,0.3263904014567217,0.5552314550516738
0.7733729112821,0.467065921799785,0.27194077443315495
0.03712331261790823,0.6033061502235842,0.02635753853707936
0.12477823689510555,0.6365822569423388,0.10905293393116014
0.8162514702874268,0.022457847358704788,0.5067978468433076
0.7849444047921552,0.18586414907807236,0.49514566065359833
0.24333511228777632,1.2968915543364996,0.07506948527236061
0.5295388069750914,0.02182493251762404,0.9755655035908429
0.6017751878720105,0.7720876866030552,0.23105252778674906
0.8530293956249707,0.744462969630668,0.1149827833412066
0.5989828710451767,0.5129793582957439,0.3684412076870934
0.41606870650273314,0.6583639898167455,0.24672495252852075
0.3792166816708954,1.1752600835393447,0.08757224223626113
0.42884680291856947,1.2649814851981356,0.06684486670369334
0.6458537845567752,0.40531584425457007,0.391521196099475
0.8527910064822318,0.4972858526322402,0.16051662354815527
0.45574100679324775,0.37887462248193243,0.5317098869834093
0.2579259804333038,0.7301978328155764,0.19710878348683167
0.24719586847767788,1.031222369335043,0.13801295380448764
0.7361737090337085,0.35781425568586245,0.39859806525516084
0.803906012886954,0.5094888982412027,0.24937258234046522
0.12106695665995997,1.3969692340319426,0.01301626850074054
0.08389650267697103,0.09188254897349796,0.23176963018420993
0.5906563172061937,0.701939015754558,0.2903596635673297
0.16032631442499035,1.0731059015632312,0.060195820890284926
0.8116776228380876,0.2426719371050616,0.3735866697594789
0.31792128696711147,0.09011354960811314,0.7277514189918387
0.15811705565229692,0.2245439500250255,0.3088064710119945
0.9041316535879522,1.3798583264254107,0.0031085917003579357
0.178910453825867,0.033704477095262655,0.47827714968214885
0.29333127904441814,0.29871652272080074,0.47025128134381877
0.16746885938437628,0.06629959909443393,0.45292320100458805
0.13087046111874076,0.1837316119920608,0.27250668443866854
0.04030209568298243,0.9378209442098785,0.024396259785709223
0.07317959279768971,0.37762558493384696,0.1279186482925348
0.18765581209841856,0.8624338346374016,0.1324955204664785
0.07124665532208838,0.8934891664938667,0.07642364909345077
0.5874980634665323,1.277164292972873,0.12508066789416072
0.6734859457275262,0.027017261509573405,0.7950164198897117
0.39788523855874713,1.2829867998267028,0.13080921337668855
0.32527145307396743,0.9362962479119216,0.15104161737424102
0.5043451875413408,0.26086035943533725,0.6499634467240206
0.8600047445452242,1.1639473344402202,0.05520440621160981
0.8370863617493177,1.286127481850067,0.04160918077441973
0.06173605953228026,0.3963099559561528,0.0591684548941708
0.1942384732126631,1.3798146477359676,0.0459556489217285
0.24727507626022016,0.6925969968420136,0.17363178876265212
0.25941207279892337,0.9130681924133158,0.16305651567483787
0.5683833456730618,1.4772813097541126,0.10115052770467556
0.4196119286750646,0.555073396386015,0.34525630197862545
0.06728395513049022,1.223475831813767,0.02991016079427146
0.37866957292118875,0.49123069438612027,0.37333252025203434
0.5228028307689317,1.2028360129174067,0.10515094156553532
0.11760502678756733,0.9090861999167109,0.08731172202298915
0.8201202116370173,0.34020642893359415,0.2918358537928782
0.06988339180650008,0.6327586188080698,0.10556030903294855
0.9078481942573396,0.4901007388580713,0.10987504324969596
0.11514861591668048,0.13560042175893855,0.29813351353619394
0.8298319535338426,0.06415545974755227,0.4565617231130729
0.8865470181705124,0.5327884100026278,0.15133015460205368
0.9603878533631289,0.04817053876988014,0.10500082468114293
0.7899448450626498,0.26492188122102706,0.38191703076288025
0.7682984391404758,1.0932713148592859,0.09308523885638986
0.6367839449557258,1.06797502881171,0.11961829666754481
0.7678365003950038,1.1130989719569264,0.10548497325077681
0.14917012007662117,0.48938669327236856,0.20234290208727154
0.5346253145097318,1.3372287965341894,0.1042780002340106
0.5136539553827979,0.8988692110821025,0.23308305931638165
0.8432692583576552,0.20651898578500724,0.3565345599373504
0.4642873909697752,0.2327036189541905,0.6497373620797882
0.38968591625633936,1.0457812318559583,0.1541919268422106
0.6339807403876256,0.27595702593427557,0.5465447764856317
0.2758047848008122,0.7707931983414241,0.19423674110258993
0.15417767451579859,1.4878262243744917,0.021128997396701377
0.47876218306279594,0.025931255005342456,0.9852539728598807
0.4202137938510896,0.04453810680838424,0.9023273142254313
0.24326714290771873,1.4897651812571497,0.044695550164373724
0.3728113377105229,0.885265474518565,0.21501239178032594
0.37173675183319754,0.20782676376739942,0.5925016590850755
0.33439574183604365,1.3480072556360585,0.03884541995242387
0.3842855165378518,1.3229628441889845,0.1050282987098358
0.6783136116377075,0.8135766114048354,0.2008544544664298
0.3050014155884339,0.9402522041939197,0.15896438932217852
0.9309036096467268,0.424317043421297,0.07481957059791775
0.8996940987566507,0.09476915063056762,0.26144220791618306
0.48167401116807546,0.8999600611584793,0.2418732114031243
0.33522675680450126,0.45623768594008923,0.4028579153635961
0.534017398236803,1.0021591490573207,0.17100907044721883
0.8346180692226796,1.2576428617270499,0.04438102792141796
0.646483846937698,0.046877604993258805,0.8164824122993082
0.7922161548291943,0.9016563865348766,0.07982336250185113
0.5314133850231105,0.36229519873654137,0.5279793954119855
0.6276009240969159,1.313354976897626,0.10620461789746825
0.2966293896151633,0.39542346971150616,0.3661324441758224
0.7254974358178792,0.9239397971884191,0.13387127322490727
0.2143084094006896,0.8392404433326249,0.11724951470382516
0.6870062036657583,0.6063264200876884,0.2641535999138018
0.8462903055928583,1.0228787301276951,0.0765181955210003
0.14681872380948216,1.094139059378842,0.022028633609961747
0.609804550920243,0.8590679370726925,0.21684888990860263
0.11129191830073722,1.1424649110334362,0.06008360828729177
0.7166870031405698,1.4754572724695476,0.051486055517407585
0.10111349007057943,0.6405231340931916,0.050487964345296496
0.918502229792601,0.7815829167905857,0.043243020252392905
0.15191161283629007,0.03845541935299559,0.4536588347589929
0.9405250360727172,1.19812226333936,-0.03345140498552105
0.7888488090416927,0.7899404992280709,0.14438611143990582
0.5899347242876999,0.6237829169336365,0.2934724683697436
0.771319140444365,0.1592265053723058,0.5121205555092541
0.7833102454237625,1.336691504079588,0.04505814515197095
0.9281859803046371,0.6046107152600235,0.08449594997277658
0.2632480196856197,1.0302207653496462,0.12933446561786804
0.5864728595439768,0.24107375142486312,0.6644591683487132
0.11124722966182517,1.4430934517207281,0.02231431745826684
0.6115190720231565,0.28409380749630975,0.5745352204449743
0.18443965192907724,0.31532214949124576,0.2830088285917375
0.5623525870135442,1.2912946336254163,0.12273935349560157
0.5695332934724957,1.3706224613300582,0.07031011141038981
0.4673457468619782,0.3339781631344861,0.5383692418140855
0.5217265044925978,0.7153053144987453,0.27951975217200997
0.7533664544063244,1.1055724587529883,0.06688394962392677
0.7872749278515839,1.3199812860399864,0.06396793637738027
0.492467086952412,0.5809979886552117,0.3754863558163712
0.5956097038617078,0.7851888405371552,0.2426169126219595
0.9139867862624977,1.1177402875692077,0.004869122608043792
0.1349442449610779,1.1020812454461373,0.05558961251828964
0.13241942326410608,1.1787809924386057,0.06461761847716596
0.10420065143433767,0.863502051589459,0.03178476721061457
0.6515487536389067,0.1748303432710673,0.6299976155127954
0.4218639687587643,1.3578804704994991,0.10445241073087992
0.7633485594961695,1.3010473581951216,0.07249546018071018
0.6643821567762489,1.201184205011133,0.11117315464650857
0.34029224799510865,0.16779646619787963,0.687939582549621
0.8824318854670743,0.3225081032805152,0.2129312614529358
0.7520308611878262,1.1205285403593248,0.10913484426896378
0.2797135432737687,0.05424733998128073,0.7534169288636599
0.36962433706117187,1.4692524578867738,0.06316464514590764
0.3218623809960924,0.5781741269264075,0.287452967931008
0.17130718267999964,1.0845825498624189,0.08319385643901181
0.16187203764050398,1.3336052109623042,0.05433246677812253
0.9186823648407143,0.6040522344621218,0.07587329122734947
0.4403878757108031,0.49231608312750574,0.38908343626922304
0.38798702986631345,0.9209368707694051,0.22900667234867447
0.7204982803302828,0.879864273147115,0.16773843714811223
0.550873342642784,0.6255271668846998,0.31030118582459737
0.9186943873649237,0.9106266386842086,0.06843222170507274
0.7690894341530164,1.4043644269584123,0.052555586323506986
0.48019478155955875,0.7121075798073628,0.2766130970481537
0.38130509454159317,0.3111784275109344,0.5470344461525624
0.9671662831273491,0.5782648546668457,0.011021645279274687
0.7090498265634977,0.6032783342378155,0.2782361589825451
0.9331468736036874,0.21404086567880537,0.18079808732270583
0.1337394341283597,0.26104982082074124,0.2658582628529937
0.8365123320231512,1.0331518686226424,0.07086479155738139
0.6315909286315593,0.522427076229176,0.3518584041273228
0.13704481120170808,1.4332496199465952,0.024505184650594505
0.5847276799704518,0.380523183130739,0.48565003155733844
0.6786525105012309,0.16640826755513702,0.6223594691517403
0.03181057845305872,1.1351867532403817,0.031605068145594814
0.4561452433680767,1.3239333568384477,0.05961199855479067
0.8123835307484683,0.43160776816980206,0.27545144399794086
0.3035446643303263,0.3190903904353074,0.4550434541717874
0.46020615852660907,0.294933879609209,0.5950892232913527
0.4446215619851775,0.7925782060224382,0.21839023307393093
0.30985029578479195,0.713256629045221,0.2594382062515513
0.9017042196949321,0.4039709629847107,0.17319244406393094
0.7700422740142552,0.08685621314435106,0.585859084174447
0.12616487455626607,0.7326071836828955,0.07476156730098044
0.9771532715240702,1.4398118745007005,0.022138051321080536
0.8640320233354354,0.9857284171139415,0.08000433484269422
0.29255210034947743,0.7533497038103553,0.17641762178965753
0.8234207164745007,0.18382426956383183,0.37948874912983616
0.12216275059652755,0.3936057100133892,0.1933679482623772
0.9791405412552691,0.45626544537032326,0.04023648628615811
0.6590573466622754,1.1519092578587067,0.1169471692708689
0.6441200149364451,1.3175319799516365,0.09239147297419101
0.10682309790476743,1.3544299432783289,0.059164258019726745
0.8811520629407602,1.477161540211116,0.05096420418438941
0.04783952307629065,1.473902690994708,-0.046423413640712244
0.25119493571950113,1.4304387164966126,0.049559149773387004
0.1573010001599696,0.1262967679442689,0.37568683573818096
0.7656972230645298,0.22393443317315168,0.4159842335911754
0.21027605812438194,0.4706104591845287,0.2678254207079088
0.8942126980456498,0.838289416015403,0.09855995391261815
0.6500182777543906,0.16352727528410935,0.6446163233935828
0.05471620207490836,1.2717794975471708,0.024588799514593345
0.025212640763552445,0.9327991450344174,-0.0032286922147164113
0.06959160033382296,0.8226993154072634,0.036853738866269074
0.6016881705418186,0.2646607585835909,0.6228224002171474
0.7894225384250386,0.3948181021122921,0.29379226610396125
0.24901070780229292,0.2572617969737419,0.4555619660378371
0.83543248920615,1.280861073536302,0.01336117070433572
0.07494266254712997,0.8846572328906029,0.08569858390569092
0.7889252994960092,1.1079915527290574,0.09803796945348987
0.9106836129653891,0.4581286371068381,0.11906679689714311
0.7612240631402053,0.5694539028906502,0.25940346734291
0.6901959526194917,0.6191853473512701,0.24699942177650433
0.8244610099091677,1.1448221581811717,0.09220111231052308
0.05854524756518377,1.1630824217583606,0.01668515198276309
0.21371082629029314,0.3260840207207669,0.344463078602306
0.13992673213341736,1.4134775079723865,0.024714841640016433
0.504349750585267,0.19856989941665584,0.6910635767910722
0.7353806031956908,1.346260681986973,0.08147877058021007
0.6248113707933427,0.16858555556171775,0.6900571823060496
0.8370858557714576,0.4115189205039404,0.24879915356626187
0.16900447274344724,1.2727882333805762,0.052601191873230306
0.7252362482577551,0.2856482670722094,0.46775431044868854
0.2053198312341479,0.6320805383387553,0.18722020738024242
0.2799284012650882,0.6857917639173068,0.27241146105932096
0.7015085093900517,0.3829832800743503,0.37693180921620273
0.9609965935027345,1.07116289797726,0.04344610186902939
0.6070818617379868,1.2799752811152616,0.12449848139853409
0.07232030239164378,1.3143712069862463,0.004763109532820626
0.6116566111304315,0.5221967756901102,0.4159669594570728
0.060656529516960406,0.8056585835459654,0.06517878867070681
0.8687798829121445,0.3876414777211642,0.22065588839743197
0.7011951536965959,0.38229882229421525,0.4096427321784836
0.18620273256560307,0.2586560130208477,0.34440667442323597
0.10805216559123014,1.4112281359951218,0.02295097071684855
0.1961918997251062,1.3342234663362582,0.06183304975836046
0.9608260923720248,1.1704908957249844,0.043368951697534866
0.46021821676015023,0.786139051505839,0.24913352331893873
0.7727177104077516,0.7460997149575704,0.15575970244960163
0.6309520084234658,0.804023585950097,0.23618776658530197
0.5695166239602919,0.8141206600940921,0.2482683749996631
0.1593250444784477,0.6631533653525817,0.1608333598029184
0.9281834754157713,0.21499715268025985,0.16759810812803552
0.3092889272141292,0.20598250224543324,0.5673298014960506
0.5748965271752405,1.4293295794516112,0.058171426024059655
0.6917849068055034,0.7334055241877988,0.20652554238489018
0.6432638290354965,1.4307441768596796,0.03817838250495839
0.9229706333076977,0.26209377901096276,0.15517231751473856
0.16250143032325565,0.8405364970191017,0.10809785205092427
0.5080186289090644,0.3274215349602781,0.549984898152255
0.40787301511113533,0.3947132170673703,0.41623896115328096
0.4752019803033134,0.0644807765665446,0.8641144573450728
0.13444882514983483,0.19605089989551275,0.3117879205683851
0.1487308254778547,1.3769356432912097,0.02572638642591447
0.2869525239500071,0.49586882739385096,0.3322048920747494
0.31251641961039806,0.9200312336335955,0.13437608927600259
0.43078708513409597,0.708220915344124,0.30625496912991074
0.6065480451551631,0.6126678429630119,0.315177020939699
0.6292439527215324,0.8071914151921809,0.2247754128032161
0.4153384607221474,0.29711363803070545,0.6156568823050363
0.4124317850515492,1.4831337698089733,0.09936267162376444
0.2289233856290835,1.2310956456817173,0.06781202695528939
0.5847739984726479,1.1175896564426426,0.12061578623649977
0.32435927486454835,0.7137637595806496,0.23311511726257075
0.054617440906269146,0.24625814074697722,0.12044092978797043
0.42166404239058597,1.3825854702448803,0.08107154298819144
0.4751673680865635,0.5252528597249569,0.3842207440976338
0.23656915347604252,0.09415790075146198,0.6017679691095101
0.569559615797231,0.5267574416797305,0.380658660153544
0.5631410244146441,1.1957964051339087,0.16315689088272375
0.6939220938659565,0.9416089425825481,0.1557638483609815
0.6420305429131616,1.1312411054223923,0.15661494893923733
0.6463357342601903,1.1945803681163185,0.11447847730562336
0.3235655857510814,0.33369282439920306,0.4892660368884975
0.7759349331065157,1.3871993078179068,0.04055955307297232
0.5471786082556922,0.6682246123221515,0.2846783507665235
0.4341614673726945,0.9657402009109636,0.18520481597466187
0.6209719817034148,0.023416983428378165,0.9105790352099741
0.36623104107224413,1.4901853776485434,0.06547953086413308
0.5122296748224879,0.4357266512269496,0.4350592186778011
