alpha_true,noise,data_seed,n_obs_kept,method,alpha_hat,rel_error_pct
0.18,0.05,0,24,unweighted,0.1790285801407852,0.5396776995637688
0.18,0.05,0,24,sensitivity-weighted,0.17940103275794017,0.3327595789221236
0.18,0.05,1,25,unweighted,0.17888343977051557,0.6203112386024556
0.18,0.05,1,25,sensitivity-weighted,0.17841744998562056,0.8791944524330169
0.18,0.05,2,25,unweighted,0.17957240301987692,0.2375538778461491
0.18,0.05,2,25,sensitivity-weighted,0.17952809559503424,0.26216911386986147
0.18,0.1,0,24,unweighted,0.1780031352058371,1.109369330090494
0.18,0.1,0,24,sensitivity-weighted,0.17880579645129188,0.6634464159489508
0.18,0.1,1,25,unweighted,0.1777830519910629,1.231637782742832
0.18,0.1,1,25,sensitivity-weighted,0.17683686148992653,1.7572991722630364
0.18,0.1,2,25,unweighted,0.17915853749630617,0.4674791687187911
0.18,0.1,2,25,sensitivity-weighted,0.17907817914651034,0.5121226963831432
0.18,0.2,0,24,unweighted,0.1760193757789155,2.2114579006025
0.18,0.2,0,24,sensitivity-weighted,0.17751783946554459,1.3789780746974487
0.18,0.2,1,24,unweighted,0.17503817827742524,2.756567623652642
0.18,0.2,1,24,sensitivity-weighted,0.17346487033398394,3.6306275922311384
0.18,0.2,2,24,unweighted,0.17645802267366809,1.9677651812955044
0.18,0.2,2,24,sensitivity-weighted,0.17681425882051668,1.7698562108240607
0.5,0.05,0,19,unweighted,0.4951506313672895,0.9698737265421031
0.5,0.05,0,19,sensitivity-weighted,0.49757859837859153,0.484280324281694
0.5,0.05,1,21,unweighted,0.498918590636332,0.21628187273360355
0.5,0.05,1,21,sensitivity-weighted,0.49813189829163174,0.37362034167365277
0.5,0.05,2,21,unweighted,0.4949355280277721,1.0128943944455848
0.5,0.05,2,21,sensitivity-weighted,0.49707447300638413,0.5851053987231736
0.5,0.1,0,18,unweighted,0.4759485717668391,4.810285646632185
0.5,0.1,0,18,sensitivity-weighted,0.4853747273970531,2.9250545205893763
0.5,0.1,1,21,unweighted,0.4978691919106323,0.4261616178735439
0.5,0.1,1,21,sensitivity-weighted,0.4970685230305216,0.586295393895675
0.5,0.1,2,20,unweighted,0.4908775602497487,1.8244879500502575
0.5,0.1,2,20,sensitivity-weighted,0.49410339529886727,1.179320940226547
0.5,0.2,0,18,unweighted,0.44991453226424055,10.01709354715189
0.5,0.2,0,18,sensitivity-weighted,0.46898546656221524,6.202906687556952
0.5,0.2,1,19,unweighted,0.49295979107494065,1.408041785011871
0.5,0.2,1,19,sensitivity-weighted,0.49236942007165724,1.5261159856685524
0.5,0.2,2,20,unweighted,0.4814327170880196,3.7134565823960797
0.5,0.2,2,20,sensitivity-weighted,0.4885963147707138,2.2807370458572396
